type,standard,style,ncdict,gansum,cndialdict,ncrecord,ncstudy,ncphon,ncphon_y
dandu,m,,m̩,m̩,m̩,m̩,m̩,m̩,m̩
dandu,n,,n̩,n̩,n̩,n̩,n̩,-,-
dandu,ŋ,,ŋ̍,ŋ̍,ŋ̍,ŋ̍,ŋ̍,ŋ̩,ŋ̩
tone,0,five_degree_line,·{syllable}_,·{syllable}_,·{syllable}_,·{syllable}_,·{syllable}_,·{syllable}_,·{syllable}_
tone,0,five_degree_num,{syllable}⁰,{syllable}⁰,{syllable}⁰,{syllable}⁰,{syllable}⁰,{syllable}⁰,{syllable}⁰
tone,0,four_corner,{syllable},{syllable},{syllable},{syllable},{syllable},{syllable},{syllable}
tone,1,five_degree_line,{syllable}_˦˨,{syllable}_˦˨,{syllable}_˦˨,{syllable}_˦˨,{syllable}_˦˨,{syllable}_˧˩,{syllable}_˧˩
tone,1,five_degree_num,{syllable}⁴²,{syllable}⁴²,{syllable}⁴²,{syllable}⁴²,{syllable}⁴²,{syllable}³¹,{syllable}³¹
tone,1,four_corner,꜀{syllable},꜀{syllable},꜀{syllable},꜀{syllable},꜀{syllable},꜀{syllable},꜀{syllable}
tone,2,five_degree_line,{syllable}_˨˦,{syllable}_˨˦,{syllable}_˨˦,{syllable}_˨˦,{syllable}_˨˦,{syllable}_˨˦,{syllable}_˨˦
tone,2,five_degree_num,{syllable}²⁴,{syllable}²⁴,{syllable}²⁴,{syllable}²⁴,{syllable}²⁴,{syllable}²⁴,{syllable}²⁴
tone,2,four_corner,꜁{syllable},꜁{syllable},꜁{syllable},꜁{syllable},꜁{syllable},꜁{syllable},꜁{syllable}
tone,3,five_degree_line,{syllable}_˨˩˧,{syllable}_˨˩˧,{syllable}_˨˩˧,{syllable}_˨˩˧,{syllable}_˨˩˧,{syllable}_˧˩˧,{syllable}_˧˩˧
tone,3,five_degree_num,{syllable}²¹³,{syllable}²¹³,{syllable}²¹³,{syllable}²¹³,{syllable}²¹³,{syllable}³¹³,{syllable}³¹³
tone,3,four_corner,꜂{syllable},꜂{syllable},꜂{syllable},꜂{syllable},꜂{syllable},꜂{syllable},꜂{syllable}
tone,4,five_degree_line,{syllable}_˧˥,{syllable}_˦˥,{syllable}_˦˥,{syllable}_˦˥,{syllable}_˦˦˦,{syllable}_˧˥,{syllable}_˧˥
tone,4,five_degree_num,{syllable}³⁵,{syllable}⁴⁵,{syllable}⁴⁵,{syllable}⁴⁵,{syllable}⁴⁴,{syllable}³⁵,{syllable}³⁵
tone,4,four_corner,{syllable}꜄,{syllable}꜄,{syllable}꜄,{syllable}꜄,{syllable}꜄,{syllable}꜄,{syllable}꜄
tone,5,five_degree_line,{syllable}_˩˩˩,{syllable}_˨˩,{syllable}_˨˩,{syllable}_˨˩,{syllable}_˨˩,{syllable}_˩˩˩,{syllable}_˩˩˩
tone,5,five_degree_num,{syllable}¹¹,{syllable}²¹,{syllable}²¹,{syllable}²¹,{syllable}²¹,{syllable}¹¹,{syllable}¹¹
tone,5,four_corner,{syllable}꜅,{syllable}꜅,{syllable}꜅,{syllable}꜅,{syllable}꜅,{syllable}꜅,{syllable}꜅
tone,6,five_degree_line,{syllable}_˥,{syllable}_˥,{syllable}_˥,{syllable}_˥,{syllable}_˥,{syllable}_˥˥˥,{syllable}_˥˥˥
tone,6,five_degree_num,{syllable}⁵,{syllable}⁵,{syllable}⁵,{syllable}⁵,{syllable}⁵,{syllable}⁵⁵,{syllable}⁵⁵
tone,6,four_corner,{syllable}꜆,{syllable}꜆,{syllable}꜆,{syllable}꜆,{syllable}꜆,{syllable}꜆,{syllable}꜆
tone,7,five_degree_line,{syllable}_˨,{syllable}_˩,{syllable}_˨˩,{syllable}_˨,{syllable}_˩,-,-
tone,7,five_degree_num,{syllable}²,{syllable}¹,{syllable}²¹,{syllable}²,{syllable}¹,-,-
tone,7,four_corner,{syllable}꜇,{syllable}꜇,{syllable}꜇,{syllable}꜇,{syllable}꜇,-,-
initial,,,,,,,,,
initial,b,,p,p,p,p,p,p,p
initial,p,,p',p',p',p',p',p',p'
initial,m,,m,m,m,m,m,m,mᵇ
initial,f,,f,f,f,f,f,f,ɸ
initial,d,,t,t,t,t,t,t,t
initial,t,,t',t',t',t',t',t',t'
initial,l,,l,l,l,l,l,l,l
initial,g,,k,k,k,k,k,k,k
initial,k,,k',k',k',k',k',k',k'
initial,ŋ,,ŋ,ŋ,ŋ,ŋ,ŋ,ŋ,ŋᵍ
initial,h,,h,h,h,h,h,h,h
initial,j,,tɕ,tɕ,tɕ,tɕ,tɕ,tɕ,tɕ
initial,q,,tɕ',tɕ',tɕ',tɕ',tɕ',tɕ',tɕ'
initial,n,,ȵ,ȵ,ȵ,ȵ,ȵ,ȵ,ȵ
initial,x,,ɕ,ɕ,ɕ,ɕ,ɕ,ɕ,ɕ
initial,z,,ts,ts,ts,ts,ts,ts,ts
initial,c,,ts',ts',ts',ts',ts',ts',ts'
initial,s,,s,s,s,s,s,s,s
final,a,,a,a,a,ɑ,a,a,ᴀ
final,o,,o,o,ɔ,o,o,o,o
final,e,,e,e,ε,e,e,-,-
final,ọ,,ɵ,ə,ə,ɵ,ɵ,ø,ø
final,i,,i,i,i,i,i,i,i
final,ia,,ia,ia,ia,iɑ,ia,ia,ɪᴀ
final,ie,,ie,ie,iε,ie,ie,ie,ɪᴇ
final,u,,u,u,u,u,u,u,u
final,ua,,ua,ua,ua,ua,ua,ua,ʊɑ
final,uo,,uo,uo,uɔ,uo,uo,uo,ʊo
final,ue,,ue,ue,uε,ue,ue,-,-
final,ü,,y,y,y,y,y,y,y
final,üa,,-,-,-,-,-,ya,yᴀ
final,üe,,ye,ye,yε,ye,ye,-,-
final,ı,,ɿ,ɿ,ɿ,ɿ,ɿ,ï,ï
final,ai,,ai,ai,ai,ai,ai,ai,aɪ
final,oi,,oi,-,-,-,oi,-,-
final,ei,,ei,-,-,-,ei,-,-
final,ẹi,,ɨi,əi,əi,ɨi,ɨi,-,-
final,ui,,ui,ui,ui,ui,ui,ui,uɪ
final,uai,,uai,uai,uai,uai,uai,uai,ʊaɪ
final,au,,au,au,au,ɑu,au,au,ɑo
final,eu,,εu,eu,εu,εu,eu,εu,εʊ
final,ẹu,,ɨu,ɪu,əu,ɨu,ɨu,eu,ĕʊ
final,iu,,iu,iu,iu,iu,iu,iu,ɪu
final,ieu,,iεu,ieu,iεu,iεu,ieu,ieu,ɪeʊ
final,an,,an,an,an,an,an,an,æn
final,on,,on,on,ɔn,ɵn,on,on,on
final,en,,εn,en,εn,εn,en,en,en
final,ẹn,,ɨn,ɪn,ən,ɨn,ɨn,ən,ən
final,in,,in,in,in,in,in,in,ɪn
final,ien,,iεn,ien,iεn,iεn,ien,ien,ien
final,un,,un,un,un,un,un,uən,uən
final,uan,,uan,uan,uan,uan,uan,uan,ʊæn
final,uon,,uon,uon,uɔn,uɵn,uon,uon,ʊon
final,ün,,yn,yn,yn,yn,yn,yin,yɪn
final,üon,,yon,yon,yɔn,yɵn,yon,-,-
final,üen,,-,-,-,-,-,yen,yen
final,aŋ,,aŋ,aŋ,aŋ,ɑŋ,aŋ,aŋ,ᴀŋ
final,oŋ,,ɔŋ,oŋ,ɔŋ,ɔŋ,ɔŋ,oŋ,ɔːŋ
final,iaŋ,,iaŋ,iaŋ,iaŋ,iɑŋ,iaŋ,iaŋ,ɪᴀŋ
final,ioŋ,,iɔŋ,ioŋ,iɔŋ,iɔŋ,iɔŋ,ioŋ,ɪɔːŋ
final,iuŋ,,iuŋ,iuŋ,iuŋ,iuŋ,iuŋ,yuŋ,yʊŋ
final,uŋ,,uŋ,uŋ,uŋ,uŋ,uŋ,uŋ,ʊŋ
final,uaŋ,,uaŋ,uaŋ,uaŋ,uɑŋ,uaŋ,uaŋ,ʊᴀŋ
final,uoŋ,,uɔŋ,uoŋ,uɔŋ,uɔŋ,uɔŋ,-,-
final,at,,at,at,at,aʔ,at,at,ᴀt
final,ot,,ot,ot,ɔt,ɵʔ,ot,œt,œt
final,et,,εt,et,εt,εʔ,et,εt,εt
final,ẹt,,ɨt,ɪt,ət,ɨʔ,ɨt,ət,ət
final,it,,it,it,it,iʔ,it,it,ɪt
final,iet,,iεt,iet,iεt,iεʔ,iet,iεt,ɪᴇ
final,ut,,ut,ut,ut,uɨʔ,ut,uət,ʊət
final,uat,,uat,uat,uat,uaʔ,uat,uat,ʊat
final,uot,,uot,uot,uɔt,uɵʔ,uot,-,-
final,uet,,uεt,uet,uεt,uεʔ,uet,uεt,ʊεt
final,üt,,yt,yt,yt,yʔ,yt,yt,yt
final,üot,,yot,yot,yɔt,yɵʔ,yot,-,-
final,üet,,-,-,-,-,-,yεt,yᴇt
final,ak,,aʔ,aʔ,ak,ɑʔ,aʔ,aʔ,aʔ
final,ok,,ɔʔ,oʔ,ɔk,ɔʔ,ɔʔ,oʔ,oʔ
final,ek,,-,-,-,-,-,εʔ,εʔ
final,iak,,iaʔ,iaʔ,iak,iɑʔ,iaʔ,iaʔ,ɪaʔ
final,iok,,iɔʔ,ioʔ,iɔk,iɔʔ,iɔʔ,ioʔ,ɪoʔ
final,iuk,,iuʔ,iuʔ,iuk,iuʔ,iuʔ,yuʔ,yuʔ
final,uk,,uʔ,uʔ,uk,uʔ,uʔ,uʔ,uʔ
final,uak,,uaʔ,uaʔ,uak,uɑʔ,uaʔ,-,-
final,uok,,uɔʔ,uoʔ,uɔk,uɔʔ,uɔʔ,uoʔ,ʊoʔ
final,ul,,-,-,-,-,-,uəl,ʊəl
